{
  "total_domains": 1,
  "total_datasets": 27,
  "total_time": 48392.175854839705,
  "domains": {
    "servermachinedataset": {
      "total_datasets": 27,
      "total_runtime": 48392.175854839705,
      "avg_runtime": 1792.3028094385077,
      "avg_memory_mb": 99.1786827332067,
      "peak_memory_mb": 99.38252314814815,
      "max_peak_memory_mb": 112.71875,
      "avg_module_times": {
        "1_Genetic_Algorithm": 279.6020925925926,
        "2_Thompson_Sampling": 172.88883333333337,
        "3_GAN_Robustness": 39.440948148148145,
        "4_Borderline_Sensitivity": 31.01551851851852,
        "5_Monte_Carlo": 63.533444444444456,
        "6_Rank_Aggregation": 0.0020555555555555553,
        "end_to_end": 586.4858148148148
      },
      "avg_f1_scores": {
        "ga": 0.875114111111111,
        "thompson": 0.8802802962962962,
        "gan": 0.9278317777777777,
        "borderline": 0.9175706296296297,
        "monte_carlo": 0.9039742962962962,
        "final_selected": 0.8988014814814815
      },
      "std_f1_scores": {
        "ga": 0.06581535295969988,
        "thompson": 0.04311008602430896,
        "gan": 0.026216482354841746,
        "borderline": 0.026509175124638483,
        "monte_carlo": 0.03782554128942685,
        "final_selected": 0.04886073618430117
      }
    }
  }
}