{
  "dataset": "skab",
  "entity": "0",
  "pool_sizes_tested": [
    3,
    5,
    8
  ],
  "full_pool": [
    "LOF_1",
    "NN_1",
    "NN_2",
    "RNN_1",
    "CBLOF_1",
    "MD_1",
    "DGHL_1",
    "LSTMVAE_1"
  ],
  "results": {
    "3": {
      "pool_size": 3,
      "restricted_pool": [
        "LOF_1",
        "NN_1",
        "NN_2"
      ],
      "ensemble_selected": [
        "LOF_1",
        "NN_1",
        "NN_2"
      ],
      "single_selected": "LOF_1",
      "num_windows": 7,
      "ensemble": {
        "f1_mean": 0.655117956043168,
        "f1_std": 0.17319737431509644,
        "f1_scores": [
          0.7924477465578522,
          0.5116238615741178,
          0.47618662134163675,
          0.915248962968688,
          0.47618662134163675,
          0.8363584661440274,
          0.5777734123742175
        ],
        "num_valid_windows": 7
      },
      "single_model": {
        "f1_mean": 0.986532649444751,
        "f1_std": 0.017269991538444305,
        "f1_scores": [
          0.9756042831906065,
          0.9523750567163156,
          0.999994000026,
          0.9999946296547667,
          0.999994000026,
          0.977772345704746,
          0.9999942307948225
        ],
        "num_valid_windows": 7
      }
    },
    "5": {
      "pool_size": 5,
      "restricted_pool": [
        "LOF_1",
        "NN_1",
        "NN_2",
        "RNN_1",
        "CBLOF_1"
      ],
      "ensemble_selected": [
        "LOF_1",
        "NN_1",
        "NN_2",
        "RNN_1"
      ],
      "single_selected": "LOF_1",
      "num_windows": 7,
      "ensemble": {
        "f1_mean": 0.841871767175577,
        "f1_std": 0.1939085375515132,
        "f1_scores": [
          0.9374944140895327,
          0.3999952000176002,
          0.8888834105220359,
          0.9841216729909712,
          0.916660902805687,
          0.9999943750253905,
          0.7659523947778216
        ],
        "num_valid_windows": 7
      },
      "single_model": {
        "f1_mean": 0.8447952209034507,
        "f1_std": 0.32037283315608894,
        "f1_scores": [
          0.9677363163633244,
          0.060605436180354556,
          0.9999944737094876,
          0.9841216729909712,
          0.9599942400265599,
          0.9696913866192891,
          0.9714230204341691
        ],
        "num_valid_windows": 7
      }
    },
    "8": {
      "pool_size": 8,
      "restricted_pool": [
        "LOF_1",
        "NN_1",
        "NN_2",
        "RNN_1",
        "CBLOF_1",
        "MD_1",
        "DGHL_1",
        "LSTMVAE_1"
      ],
      "ensemble_selected": [
        "LOF_1",
        "NN_1",
        "NN_2",
        "RNN_1"
      ],
      "single_selected": "LOF_1",
      "num_windows": 7,
      "ensemble": {
        "f1_mean": 0.6351260967037927,
        "f1_std": 0.40502641434941344,
        "f1_scores": [
          0.7857088265613998,
          0.8965461593617695,
          0.9142802285986285,
          0.0,
          0.8749939844038573,
          0.9743534780008934,
          0.0
        ],
        "num_valid_windows": 7
      },
      "single_model": {
        "f1_mean": 0.6793353736756537,
        "f1_std": 0.43312503982537415,
        "f1_scores": [
          0.916660902805687,
          0.8387042664176362,
          0.9999943750253905,
          0.0,
          0.9999935714556122,
          0.99999450002525,
          0.0
        ],
        "num_valid_windows": 7
      }
    }
  }
}