{
  "total_domains": 1,
  "total_datasets": 19,
  "total_time": 6524.8353781604765,
  "domains": {
    "SKAB": {
      "total_datasets": 19,
      "total_runtime": 6524.8353781604765,
      "avg_runtime": 343.4123883242356,
      "avg_memory_mb": 16.319813498240457,
      "peak_memory_mb": 16.413651315789473,
      "max_peak_memory_mb": 104.25,
      "avg_module_times": {
        "1_Genetic_Algorithm": 58.1459947368421,
        "2_Thompson_Sampling": 214.99180526315791,
        "3_GAN_Robustness": 14.979342105263159,
        "4_Borderline_Sensitivity": 5.5021157894736845,
        "5_Monte_Carlo": 19.753142105263155,
        "6_Rank_Aggregation": 0.062110526315789484,
        "end_to_end": 313.4363263157895
      },
      "avg_f1_scores": {
        "ga": 0.9916263157894738,
        "thompson": 0.754629,
        "gan": 0.9999891052631578,
        "borderline": 0.9999891052631578,
        "monte_carlo": 0.9473582105263157,
        "final_selected": 0.9960326842105263
      },
      "std_f1_scores": {
        "ga": 0.006033650427330402,
        "thompson": 0.13214939024532246,
        "gan": 2.5730329603337775e-06,
        "borderline": 2.5730329603337775e-06,
        "monte_carlo": 0.12154617925518937,
        "final_selected": 0.004288067188847037
      }
    }
  }
}