{
  "dataset": "SKAB",
  "entity": "0",
  "window_sizes": [
    128,
    256,
    512,
    1024
  ],
  "results": {
    "128": {
      "dataset": "SKAB",
      "entity": "0",
      "num_windows": 1,
      "window_size": 128,
      "ensemble": {
        "models": [
          "LOF_1",
          "NN_1",
          "NN_2"
        ],
        "meta_model": "rf",
        "windows": [
          {
            "ensemble_models": [
              "LOF_1",
              "NN_1",
              "NN_2"
            ],
            "meta_model_type": "rf",
            "f1": 0.0,
            "pr_auc": 0.0,
            "fitness": 0.0,
            "performance": {
              "latency_ms": 131.85977935791016,
              "memory_mb": 547.3046875,
              "memory_delta_mb": 0.2109375,
              "cpu_percent": 2369.4
            },
            "y_pred": "[0.1  0.   0.02 0.   0.59 0.28 0.03 0.11 0.11 0.   0.   0.   0.   0.11\n 0.   0.   0.02 0.   0.   0.   0.34 0.   0.   0.   0.   0.02 0.   0.08\n 0.   0.   0.   0.   0.45 0.45 0.1  0.08 0.01 0.   0.   0.05 0.   0.\n 0.   0.1  0.   0.   0.01 0.12 0.   0.01 0.   0.   0.   0.08 0.01 0.\n 0.   0.17 0.   0.08 0.01 0.28 0.   0.01 0.05 0.01 0.   0.02 0.01 0.03\n 0.23 0.   0.05 0.01 0.   0.05 0.04 0.69 0.04 0.   0.24 0.   0.01 0.28\n 0.   0.71 0.01 0.81 0.09 0.   0.6  0.   0.   0.65 0.01 0.04 0.05 0.\n 0.58 0.   0.01 0.   0.12 0.03 0.04 0.03 0.28 0.05 0.05 0.11 0.03 0.01\n 0.01 0.69 0.03 0.03 0.07 0.   0.01 0.11 0.04 0.   0.23 0.17 0.05 0.25\n 0.01 0.11 0.13 0.01 0.   0.21 0.   0.   0.13 0.29 0.   0.   0.15 0.03\n 0.   0.07 0.   0.15 0.22 0.2  0.13 0.08 0.13 0.08 0.21 0.63 0.21 0.13\n 0.   0.21 0.   0.03 0.21 0.13 0.03 0.28 0.   0.13 0.21 0.13 0.16 0.13\n 0.13 0.13 0.15 0.17 0.05 0.02 0.13 0.7  0.   0.13 0.   0.13 0.13 0.21\n 0.63 0.13 0.   0.15 0.29 0.66 0.56 0.03 0.07 0.13 0.35 0.   0.   0.11\n 0.   0.   0.   0.   0.3  0.   0.   0.   0.02 0.17 0.   0.34 0.   0.\n 0.14 0.31 0.   0.32 0.   0.   0.   0.34 0.   0.18 0.31 0.   0.01 0.\n 0.31 0.   0.   0.18 0.   0.  ]"
          }
        ],
        "stats": {
          "latency_ms": {
            "mean": 131.85977935791016,
            "std": 0.0,
            "min": 131.85977935791016,
            "max": 131.85977935791016,
            "median": 131.85977935791016,
            "p95": 131.85977935791016,
            "p99": 131.85977935791016
          },
          "memory_mb": {
            "mean": 547.3046875,
            "std": 0.0,
            "min": 547.3046875,
            "max": 547.3046875,
            "peak": 547.3046875
          },
          "memory_delta_mb": {
            "mean": 0.2109375,
            "std": 0.0,
            "min": 0.2109375,
            "max": 0.2109375
          },
          "cpu_percent": {
            "mean": 2369.4,
            "std": 0.0,
            "min": 2369.4,
            "max": 2369.4
          }
        }
      },
      "single_model": {
        "model": "LOF_1",
        "windows": [],
        "stats": {
          "latency_ms": {
            "mean": 33.560991287231445,
            "std": 0.0,
            "min": 33.560991287231445,
            "max": 33.560991287231445,
            "median": 33.560991287231445,
            "p95": 33.560991287231445,
            "p99": 33.560991287231445
          },
          "memory_mb": {
            "mean": 548.35546875,
            "std": 0.0,
            "min": 548.35546875,
            "max": 548.35546875,
            "peak": 548.35546875
          },
          "memory_delta_mb": {
            "mean": 1.05078125,
            "std": 0.0,
            "min": 1.05078125,
            "max": 1.05078125
          },
          "cpu_percent": {
            "mean": 2377.3,
            "std": 0.0,
            "min": 2377.3,
            "max": 2377.3
          }
        }
      },
      "baselines": {
        "LOF_1": {
          "windows": [],
          "stats": {
            "latency_ms": {
              "mean": 32.28044509887695,
              "std": 0.0,
              "min": 32.28044509887695,
              "max": 32.28044509887695,
              "median": 32.28044509887695,
              "p95": 32.28044509887695,
              "p99": 32.28044509887695
            },
            "memory_mb": {
              "mean": 548.35546875,
              "std": 0.0,
              "min": 548.35546875,
              "max": 548.35546875,
              "peak": 548.35546875
            },
            "memory_delta_mb": {
              "mean": 0.0,
              "std": 0.0,
              "min": 0.0,
              "max": 0.0
            },
            "cpu_percent": {
              "mean": 0.0,
              "std": 0.0,
              "min": 0.0,
              "max": 0.0
            }
          }
        },
        "RNN_1": {
          "windows": [],
          "stats": {
            "latency_ms": {
              "mean": 18.84746551513672,
              "std": 0.0,
              "min": 18.84746551513672,
              "max": 18.84746551513672,
              "median": 18.84746551513672,
              "p95": 18.84746551513672,
              "p99": 18.84746551513672
            },
            "memory_mb": {
              "mean": 548.81640625,
              "std": 0.0,
              "min": 548.81640625,
              "max": 548.81640625,
              "peak": 548.81640625
            },
            "memory_delta_mb": {
              "mean": 0.4609375,
              "std": 0.0,
              "min": 0.4609375,
              "max": 0.4609375
            },
            "cpu_percent": {
              "mean": 0.0,
              "std": 0.0,
              "min": 0.0,
              "max": 0.0
            }
          }
        },
        "NN_1": {
          "windows": [],
          "stats": {
            "latency_ms": {
              "mean": 12.91036605834961,
              "std": 0.0,
              "min": 12.91036605834961,
              "max": 12.91036605834961,
              "median": 12.91036605834961,
              "p95": 12.91036605834961,
              "p99": 12.91036605834961
            },
            "memory_mb": {
              "mean": 548.81640625,
              "std": 0.0,
              "min": 548.81640625,
              "max": 548.81640625,
              "peak": 548.81640625
            },
            "memory_delta_mb": {
              "mean": 0.0,
              "std": 0.0,
              "min": 0.0,
              "max": 0.0
            },
            "cpu_percent": {
              "mean": 0.0,
              "std": 0.0,
              "min": 0.0,
              "max": 0.0
            }
          }
        }
      }
    },
    "256": {
      "dataset": "SKAB",
      "entity": "0",
      "num_windows": 0,
      "window_size": 256,
      "ensemble": {
        "models": [
          "LOF_1",
          "NN_1",
          "NN_2"
        ],
        "meta_model": "rf",
        "windows": [],
        "stats": {}
      },
      "single_model": {
        "model": "LOF_1",
        "windows": [],
        "stats": {}
      },
      "baselines": {
        "LOF_1": {
          "windows": [],
          "stats": {}
        },
        "RNN_1": {
          "windows": [],
          "stats": {}
        },
        "NN_1": {
          "windows": [],
          "stats": {}
        }
      }
    },
    "512": {
      "dataset": "SKAB",
      "entity": "0",
      "num_windows": 0,
      "window_size": 512,
      "ensemble": {
        "models": [
          "LOF_1",
          "NN_1",
          "NN_2"
        ],
        "meta_model": "rf",
        "windows": [],
        "stats": {}
      },
      "single_model": {
        "model": "LOF_1",
        "windows": [],
        "stats": {}
      },
      "baselines": {
        "LOF_1": {
          "windows": [],
          "stats": {}
        },
        "RNN_1": {
          "windows": [],
          "stats": {}
        },
        "NN_1": {
          "windows": [],
          "stats": {}
        }
      }
    },
    "1024": {
      "dataset": "SKAB",
      "entity": "0",
      "num_windows": 0,