{
  "dataset": "skab",
  "entity": "0",
  "pool_sizes_tested": [
    3,
    5,
    8
  ],
  "full_pool": [
    "LOF_1",
    "NN_1",
    "NN_2",
    "RNN_1",
    "CBLOF_1",
    "MD_1",
    "DGHL_1",
    "LSTMVAE_1"
  ],
  "results": {
    "3": {
      "pool_size": 3,
      "restricted_pool": [
        "LOF_1",
        "NN_1",
        "NN_2"
      ],
      "ensemble_selected": [
        "LOF_1",
        "NN_1",
        "NN_2"
      ],
      "single_selected": "LOF_1",
      "num_windows": 7,
      "ensemble": {
        "f1_mean": 0.655117956043168,
        "f1_std": 0.17319737431509644,
        "f1_scores": [
          0.7924477465578522,
          0.5116238615741178,
          0.47618662134163675,
          0.915248962968688,
          0.47618662134163675,
          0.8363584661440274,
          0.5777734123742175
        ],
        "num_valid_windows": 7,
        "stats": {
          "latency_ms": {
            "mean": 33.88759068080357,
            "std": 3.3220383270046225,
            "min": 31.734466552734375,
            "max": 41.49460792541504,
            "median": 32.29808807373047,
            "p95": 39.65461254119872,
            "p99": 41.12660884857178
          },
          "memory_mb": {
            "mean": 535.6350446428571,
            "std": 0.004100708274748625,
            "min": 535.625,
            "max": 535.63671875,
            "peak": 535.63671875
          },
          "memory_delta_mb": {
            "mean": 0.0,
            "std": 0.0,
            "min": 0.0,
            "max": 0.0
          },
          "cpu_percent": {
            "mean": 353.2714285714286,
            "std": 865.3347407040745,
            "min": 0.0,
            "max": 2472.9
          }
        }
      },
      "single_model": {
        "f1_mean": 0.986532649444751,
        "f1_std": 0.017269991538444305,
        "f1_scores": [
          0.9756042831906065,
          0.9523750567163156,
          0.999994000026,
          0.9999946296547667,
          0.999994000026,
          0.977772345704746,
          0.9999942307948225
        ],
        "num_valid_windows": 7,
        "stats": {
          "latency_ms": {
            "mean": 23.37442125592913,
            "std": 2.13678308915998,
            "min": 21.9724178314209,
            "max": 28.546571731567383,
            "median": 22.456884384155273,
            "p95": 26.910424232482907,
            "p99": 28.219342231750485
          },
          "memory_mb": {
            "mean": 535.63671875,
            "std": 0.0,
            "min": 535.63671875,
            "max": 535.63671875,
            "peak": 535.63671875
          },
          "memory_delta_mb": {
            "mean": 0.0016741071428571428,
            "std": 0.004100708274748625,
            "min": 0.0,
            "max": 0.01171875
          },
          "cpu_percent": {
            "mean": 353.7,
            "std": 866.3845220224104,
            "min": 0.0,
            "max": 2475.9
          }
        }
      }
    },
    "5": {
      "pool_size": 5,
      "restricted_pool": [
        "LOF_1",
        "NN_1",
        "NN_2",
        "RNN_1",
        "CBLOF_1"
      ],
      "ensemble_selected": [
        "LOF_1",
        "NN_1",
        "NN_2",
        "RNN_1"
      ],
      "single_selected": "LOF_1",
      "num_windows": 7,
      "ensemble": {
        "f1_mean": 0.841871767175577,
        "f1_std": 0.1939085375515132,
        "f1_scores": [
          0.9374944140895327,
          0.3999952000176002,
          0.8888834105220359,
          0.9841216729909712,
          0.916660902805687,
          0.9999943750253905,
          0.7659523947778216
        ],
        "num_valid_windows": 7,
        "stats": {
          "latency_ms": {
            "mean": 36.56060355050223,
            "std": 1.1765453819150153,
            "min": 35.817861557006836,
            "max": 39.39342498779297,
            "median": 36.066532135009766,
            "p95": 38.53576183319092,
            "p99": 39.22189235687256
          },
          "memory_mb": {
            "mean": 568.0401785714286,
            "std": 0.07381274894547524,
            "min": 567.859375,
            "max": 568.0703125,
            "peak": 568.0703125
          },
          "memory_delta_mb": {
            "mean": 0.041294642857142856,
            "std": 0.07431728488654685,
            "min": 0.0,
            "max": 0.2109375
          },
          "cpu_percent": {
            "mean": 3156.8428571428567,
            "std": 34.64162884420408,
            "min": 3072.0,
            "max": 3172.2
          }
        }
      },
      "single_model": {
        "f1_mean": 0.8447952209034507,
        "f1_std": 0.32037283315608894,
        "f1_scores": [
          0.9677363163633244,
          0.060605436180354556,
          0.9999944737094876,
          0.9841216729909712,
          0.9599942400265599,
          0.9696913866192891,
          0.9714230204341691
        ],
        "num_valid_windows": 7,
        "stats": {
          "latency_ms": {
            "mean": 22.51570565359933,
            "std": 0.2920216682790393,
            "min": 21.966218948364258,
            "max": 22.958755493164062,
            "median": 22.588491439819336,
            "p95": 22.884583473205566,
            "p99": 22.943921089172363
          },
          "memory_mb": {
            "mean": 568.0401785714286,
            "std": 0.07381274894547524,
            "min": 567.859375,
            "max": 568.0703125,
            "peak": 568.0703125
          },
          "memory_delta_mb": {
            "mean": 0.0,
            "std": 0.0,
            "min": 0.0,
            "max": 0.0
          },
          "cpu_percent": {
            "mean": 3142.914285714286,
            "std": 44.00251384284541,
            "min": 3073.2,
            "max": 3171.9
          }
        }
      }
    },
    "8": {
      "pool_size": 8,
      "restricted_pool": [
        "LOF_1",
        "NN_1",
        "NN_2",
        "RNN_1",
        "CBLOF_1",
        "MD_1",
        "DGHL_1",
        "LSTMVAE_1"
      ],
      "ensemble_selected": [
        "LOF_1",
        "NN_1",
        "NN_2",
        "RNN_1"
      ],
      "single_selected": "LOF_1",
      "num_windows": 7,
      "ensemble": {
        "f1_mean": 0.6351260967037927,
        "f1_std": 0.40502641434941344,
        "f1_scores": [
          0.7857088265613998,
          0.8965461593617695,
          0.9142802285986285,
          0.0,
          0.8749939844038573,
          0.9743534780008934,
          0.0
        ],
        "num_valid_windows": 7,
        "stats": {
          "latency_ms": {
            "mean": 38.05078778948103,
            "std": 4.137950770326725,
            "min": 32.79590606689453,
            "max": 46.60749435424805,
            "median": 37.36615180969238,
            "p95": 44.7474718093872,
            "p99": 46.23548984527588
          },
          "memory_mb": {
            "mean": 611.4994419642857,
            "std": 1.1950725361872574,
            "min": 610.12109375,
            "max": 612.609375,
            "peak": 612.609375
          },
          "memory_delta_mb": {
            "mean": -0.97265625,
            "std": 3.467992672917358,
            "min": -9.23828125,
            "max": 2.3359375
          },
          "cpu_percent": {
            "mean": 3114.5714285714284,
            "std": 49.305076941881865,
            "min": 3071.7,
            "max": 3172.7
          }
        }
      },
      "single_model": {
        "f1_mean": 0.6793353736756537,
        "f1_std": 0.43312503982537415,
        "f1_scores": [
          0.916660902805687,
          0.8387042664176362,
          0.9999943750253905,
          0.0,
          0.9999935714556122,
          0.99999450002525,
          0.0
        ],
        "num_valid_windows": 7,
        "stats": {
          "latency_ms": {
            "mean": 23.379053388323104,
            "std": 2.7207974020146772,
            "min": 19.45972442626953,
            "max": 28.518199920654297,