{
  "dataset": "skab",
  "entity": "0",
  "pool_sizes_tested": [
    3,
    5,
    10,
    14
  ],
  "full_pool": [
    "LOF_1",
    "LOF_2",
    "NN_1",
    "NN_2",
    "NN_3",
    "RNN_1",
    "RNN_2",
    "CBLOF_1",
    "CBLOF_2",
    "CBLOF_3",
    "CBLOF_4",
    "MD_1",
    "DGHL_1",
    "LSTMVAE_1"
  ],
  "results": {
    "3": {
      "pool_size": 3,
      "restricted_pool": [
        "LOF_1",
        "LOF_2",
        "NN_1"
      ],
      "ensemble_selected": [
        "LOF_1",
        "LOF_2",
        "NN_1"
      ],
      "single_selected": "LOF_1",
      "num_windows": 7,
      "ensemble": {
        "f1_mean": 0.655117956043168,
        "f1_std": 0.17319737431509644,
        "f1_scores": [
          0.7924477465578522,
          0.5116238615741178,
          0.47618662134163675,
          0.915248962968688,
          0.47618662134163675,
          0.8363584661440274,
          0.5777734123742175
        ],
        "num_valid_windows": 7,
        "stats": {
          "latency_ms": {
            "mean": 36.20978764125279,
            "std": 0.463488686232425,
            "min": 35.581111907958984,
            "max": 37.18256950378418,
            "median": 36.12184524536133,
            "p95": 36.95805072784424,
            "p99": 37.13766574859619
          },
          "memory_mb": {
            "mean": 546.4910714285714,
            "std": 0.002733805516499083,
            "min": 546.484375,
            "max": 546.4921875,
            "peak": 546.4921875
          },
          "memory_delta_mb": {
            "mean": 0.015625,
            "std": 0.038273277230987154,
            "min": 0.0,
            "max": 0.109375
          },
          "cpu_percent": {
            "mean": 424.40000000000003,
            "std": 1039.563446837181,
            "min": 0.0,
            "max": 2970.8
          }
        }
      },
      "single_model": {
        "f1_mean": 0.986532649444751,
        "f1_std": 0.017269991538444305,
        "f1_scores": [
          0.9756042831906065,
          0.9523750567163156,
          0.999994000026,
          0.9999946296547667,
          0.999994000026,
          0.977772345704746,
          0.9999942307948225
        ],
        "num_valid_windows": 7,
        "stats": {
          "latency_ms": {
            "mean": 22.289582661220006,
            "std": 0.22571607108068414,
            "min": 22.05371856689453,
            "max": 22.7510929107666,
            "median": 22.287607192993164,
            "p95": 22.652316093444824,
            "p99": 22.731337547302246
          },
          "memory_mb": {
            "mean": 546.4921875,
            "std": 0.0,
            "min": 546.4921875,
            "max": 546.4921875,
            "peak": 546.4921875
          },
          "memory_delta_mb": {
            "mean": 0.0011160714285714285,
            "std": 0.0027338055164990833,
            "min": 0.0,
            "max": 0.0078125
          },
          "cpu_percent": {
            "mean": 269.0285714285714,
            "std": 658.9827262298971,
            "min": 0.0,
            "max": 1883.2
          }
        }
      }
    },
    "5": {
      "pool_size": 5,
      "restricted_pool": [
        "LOF_1",
        "LOF_2",
        "NN_1",
        "NN_2",
        "NN_3"
      ],
      "ensemble_selected": [
        "LOF_1",
        "LOF_2",
        "NN_1",
        "NN_2"
      ],
      "single_selected": "LOF_1",
      "num_windows": 7,
      "ensemble": {
        "f1_mean": 0.7611384383748386,
        "f1_std": 0.15724975873599578,
        "f1_scores": [
          0.6666619444737266,
          0.999985000124999,
          0.7450930719246186,
          0.9841216729909712,
          0.5454503306065361,
          0.6666619444737266,
          0.7199951040292925
        ],
        "num_valid_windows": 7,
        "stats": {
          "latency_ms": {
            "mean": 39.177145276750835,
            "std": 3.4961936316886923,
            "min": 37.04261779785156,
            "max": 47.69301414489746,
            "median": 37.83059120178223,
            "p95": 44.8486566543579,
            "p99": 47.124142646789544
          },
          "memory_mb": {
            "mean": 547.5234375,
            "std": 0.0,
            "min": 547.5234375,
            "max": 547.5234375,
            "peak": 547.5234375
          },
          "memory_delta_mb": {
            "mean": 0.0,
            "std": 0.0,
            "min": 0.0,
            "max": 0.0
          },
          "cpu_percent": {
            "mean": 452.7,
            "std": 1108.8840065579448,
            "min": 0.0,
            "max": 3168.9
          }
        }
      },
      "single_model": {
        "f1_mean": 0.8447952209034507,
        "f1_std": 0.32037283315608894,
        "f1_scores": [
          0.9677363163633244,
          0.060605436180354556,
          0.9999944737094876,
          0.9841216729909712,
          0.9599942400265599,
          0.9696913866192891,
          0.9714230204341691
        ],
        "num_valid_windows": 7,
        "stats": {
          "latency_ms": {
            "mean": 23.266008922031947,
            "std": 2.2110672161839666,
            "min": 21.91901206970215,
            "max": 28.652191162109375,
            "median": 22.48668670654297,
            "p95": 26.85296535491943,
            "p99": 28.292346000671383
          },
          "memory_mb": {
            "mean": 547.5234375,
            "std": 0.0,
            "min": 547.5234375,
            "max": 547.5234375,
            "peak": 547.5234375
          },
          "memory_delta_mb": {
            "mean": 0.0,
            "std": 0.0,
            "min": 0.0,
            "max": 0.0
          },
          "cpu_percent": {
            "mean": 0.0,
            "std": 0.0,
            "min": 0.0,
            "max": 0.0
          }
        }
      }
    },
    "10": {
      "pool_size": 10,
      "restricted_pool": [
        "LOF_1",
        "LOF_2",
        "NN_1",
        "NN_2",
        "NN_3",
        "RNN_1",
        "RNN_2",
        "CBLOF_1",
        "CBLOF_2",
        "CBLOF_3"
      ],
      "ensemble_selected": [
        "LOF_1",
        "LOF_2",
        "NN_1",
        "NN_2"
      ],
      "single_selected": "LOF_1",
      "num_windows": 7,
      "ensemble": {
        "f1_mean": 0.4168689509435644,
        "f1_std": 0.287821088713649,
        "f1_scores": [
          0.5454503306065361,
          0.5777734123742175,
          0.6666619444737266,
          0.0,
          0.35897122947646104,
          0.7692257396740098,
          0.0
        ],
        "num_valid_windows": 7,
        "stats": {
          "latency_ms": {
            "mean": 40.56831768580845,
            "std": 2.8196613391144334,
            "min": 35.5989933013916,
            "max": 43.99847984313965,
            "median": 41.8703556060791,
            "p95": 43.69163513183594,
            "p99": 43.937110900878906
          },
          "memory_mb": {
            "mean": 556.90625,
            "std": 0.0,
            "min": 556.90625,
            "max": 556.90625,
            "peak": 556.90625
          },
          "memory_delta_mb": {
            "mean": 0.0,
            "std": 0.0,
            "min": 0.0,
            "max": 0.0
          },
          "cpu_percent": {
            "mean": 438.8,
            "std": 1074.8360991332586,
            "min": 0.0,
            "max": 3071.6
          }
        }
      },
      "single_model": {
        "f1_mean": 0.6793353736756537,
        "f1_std": 0.43312503982537415,
        "f1_scores": [
          0.916660902805687,
          0.8387042664176362,
          0.9999943750253905,
          0.0,
          0.9999935714556122,
          0.99999450002525,
          0.0
        ],
        "num_valid_windows": 7,
        "stats": {
          "latency_ms": {
            "mean": 22.838354110717773,
            "std": 2.9986977935783177,
            "min": 19.608020782470703,
            "max": 29.06489372253418,
            "median": 22.30691909790039,